{"cameraMode":{"drawMode":0,"name":"Shaded","section":"Shading Mode"},"sceneLighting":false,"audioPlay":false,"sceneViewState":{"m_AlwaysRefresh":false,"showFog":true,"showSkybox":false,"showFlares":true,"showImageEffects":true,"showParticleSystems":true,"showVisualEffectGraphs":true,"m_FxEnabled":true},"in2DMode":false,"pivot":{"x":19.2274169921875,"y":58.80264663696289,"z":416.83636474609377},"rotation":{"x":0.0003062169416807592,"y":0.15240098536014558,"z":-0.000046054134145379066,"w":0.9883245825767517},"size":500.4188232421875,"orthographic":false}