{"cameraMode":{"drawMode":0,"name":"Shaded","section":"Shading Mode"},"sceneLighting":false,"audioPlay":false,"sceneViewState":{"m_AlwaysRefresh":false,"showFog":true,"showSkybox":false,"showFlares":true,"showImageEffects":true,"showParticleSystems":true,"showVisualEffectGraphs":true,"m_FxEnabled":true},"in2DMode":false,"pivot":{"x":0.000002086162567138672,"y":1.0672707557678223,"z":0.11773937940597534},"rotation":{"x":0.16575607657432557,"y":0.3365505337715149,"z":-0.06030427664518356,"w":0.9250184893608093},"size":1.585230827331543,"orthographic":false}