{"cameraMode":{"drawMode":0,"name":"Shaded","section":"Shading Mode"},"sceneLighting":true,"audioPlay":false,"sceneViewState":{"m_AlwaysRefresh":false,"showFog":true,"showSkybox":true,"showFlares":true,"showImageEffects":true,"showParticleSystems":true,"showVisualEffectGraphs":true,"m_FxEnabled":true},"in2DMode":false,"pivot":{"x":-2.8210415840148927,"y":2.0963480472564699,"z":-2.049436330795288},"rotation":{"x":-0.000023410897483699955,"y":0.9997877478599548,"z":-0.0213082917034626,"w":-0.00033041779533959925},"size":1.0968046188354493,"orthographic":false}