{"cameraMode":{"drawMode":0,"name":"Shaded","section":"Shading Mode"},"sceneLighting":true,"audioPlay":false,"sceneViewState":{"m_AlwaysRefresh":false,"showFog":true,"showSkybox":true,"showFlares":true,"showImageEffects":true,"showParticleSystems":true,"showVisualEffectGraphs":true,"m_FxEnabled":true},"in2DMode":false,"pivot":{"x":12.170073509216309,"y":0.9110478758811951,"z":-0.08224344253540039},"rotation":{"x":0.0015311285387724639,"y":0.9831793308258057,"z":0.008555185981094838,"w":-0.18261593580245973},"size":2.2717742919921877,"orthographic":false}